purchase_dow,purchase_month,year,product_size_cm3,product_weight_g,geolocation_state_customer,geolocation_state_seller,distance,wait_time_in_days
4,2,2018,5046,498,4,18,89.38542567891183,8
0,4,2017,30371,6302,16,14,523.1615027196623,6
4,5,2018,26676,7922,12,11,667.5415237386194,9
2,3,2017,50638,16900,3,14,370.9285517624953,8
0,1,2018,20947,885,10,23,545.4364478955713,8
6,7,2017,83284,520,10,18,245.62614117870487,10
1,8,2018,30654,1808,18,27,37.75763747651931,4
4,2,2017,94731,12945,4,11,302.76015183225854,10
0,12,2017,10574,5269,1,21,29.496609020603504,4
0,11,2018,50348,712,16,9,562.7217328979148,13
0,1,2017,88112,19171,14,19,115.13255661739633,5
3,1,2018,76598,17793,2,26,545.0673265273485,12
3,5,2018,24491,9294,14,11,628.4398082820119,13
4,3,2017,83756,5137,20,27,254.68935944669573,10
3,5,2018,34590,9790,2,4,566.4531208915026,7
4,10,2018,68307,7539,25,1,694.6314801224961,19
0,4,2017,2473,19123,12,19,961.468883363713,10
5,10,2018,95965,1819,17,3,969.9653595876568,11
3,5,2018,71447,2840,15,22,583.5072398389048,10
5,8,2018,82371,14086,26,4,757.299366167096,17
6,7,2018,33342,10767,5,21,603.1424035215027,16
1,12,2018,88731,7860,23,27,978.1936458334644,3
6,3,2017,4291,6168,22,21,627.3761568185733,9
1,9,2017,38946,6945,10,7,734.936007596553,4
4,9,2017,97719,14193,5,25,856.0623620016249,17
3,9,2017,1902,9240,2,7,282.7990729331102,4
1,12,2018,63560,11731,21,22,444.67715163697864,10
6,7,2018,65633,11762,5,2,911.783839771612,18
1,3,2017,98220,15683,8,12,499.68534139849027,3
0,6,2018,60826,944,4,12,203.81384509637718,9
5,5,2017,24866,4492,7,7,619.6818430619094,8
0,5,2017,17669,14384,24,3,682.3283551383905,12
6,11,2017,47441,16066,8,27,575.2816955367982,11
4,11,2017,21435,1956,24,4,352.59032200076314,19
2,4,2017,7591,19277,24,18,262.5263630842574,11
3,11,2018,7687,8096,13,18,641.5824777712223,14
3,2,2018,49091,3061,18,25,439.6243885812013,8
1,10,2018,84467,6009,2,23,475.60568734001583,11
6,10,2017,48853,14206,5,13,781.2442229152887,13
5,2,2017,68531,11054,22,17,607.9945680229138,11
4,11,2018,63342,16682,24,1,166.68962959044745,16
5,7,2018,21647,11699,6,23,536.0584612495026,14
2,7,2017,67201,4668,20,20,598.724566222655,7
6,10,2018,31233,10957,25,13,296.72915096404995,10
1,6,2018,21598,4517,24,24,312.03938936262983,4
1,8,2017,72986,12125,17,13,300.06954389571234,12
5,4,2017,54973,8669,7,12,165.9329340348063,1
6,4,2017,29848,12318,1,23,531.7747783797513,16
4,9,2018,17841,15881,3,10,311.42937813320424,9
6,12,2017,21517,18129,8,3,974.4805243656779,9
0,1,2018,37856,10285,13,25,367.8928723897253,13
6,6,2018,72492,17935,18,21,532.739022429925,13
1,1,2017,78696,8017,15,21,366.1455048317553,7
6,8,2018,74013,3128,27,8,45.231090095231885,11
5,11,2017,98679,1326,9,7,853.9620043518822,13
1,3,2018,98098,14542,4,27,444.40246806095195,16
5,2,2017,98283,9447,19,1,65.01776709410083,9
0,9,2018,71733,4306,6,24,401.9791340613411,9
5,9,2018,16709,8835,26,11,815.1811625018545,13
0,1,2017,54932,9626,14,11,208.56453867072116,1
2,11,2017,25712,19411,10,8,478.43200347972675,9
0,3,2018,12393,2946,10,15,391.7087307579453,8
1,10,2018,17727,19670,23,24,937.3754245490335,11
1,12,2018,65493,2931,22,20,284.259155595549,5
3,8,2018,43777,13608,13,27,419.36479771265397,12
4,10,2017,13618,9370,1,19,855.8362615360026,16
2,11,2018,63588,9208,15,9,326.2465688878362,8
4,1,2017,24156,10640,17,2,390.97415357670974,8
1,12,2017,40866,583,6,18,525.5552435110492,16
3,2,2018,82036,3748,9,3,331.58503098520055,12
5,1,2018,25631,16005,9,6,26.81622271319774,4
4,6,2017,30333,1777,20,9,424.5059732802189,11
5,7,2018,57779,221,11,19,198.23410203259147,8
4,12,2017,74369,17836,1,6,864.0758084413957,11
6,8,2017,38084,9702,24,7,826.1132676988565,19
3,6,2017,55305,16977,23,5,816.9345899479815,15
6,5,2018,93521,9287,26,12,358.7586813242519,12
0,3,2017,75266,11368,18,12,821.98140508592,11
4,6,2018,25653,11389,3,23,32.141932658794175,9
4,9,2017,18309,19748,15,10,488.53661880860955,7
0,12,2018,70528,13996,18,20,664.4985972773349,4
4,10,2018,4908,5946,13,8,884.292602377329,18
0,2,2017,85396,7680,22,8,457.1168865222986,8
5,2,2017,34387,5372,13,15,564.5311686090394,8
6,7,2017,33270,1879,12,23,702.4631603559743,10
1,12,2017,82126,15036,21,6,149.811892743448,9
2,4,2017,83772,10159,27,15,303.6425921304389,8
4,4,2017,1358,4880,3,9,754.291950938816,5
2,9,2018,48372,6886,3,9,881.1811649701153,9
1,2,2017,78274,18792,17,2,743.0205268412137,12
5,6,2017,78887,19328,11,23,640.211566322137,14
1,8,2018,17467,7681,9,6,62.19399352437007,7
0,11,2017,87234,321,14,7,757.9060239667328,12
4,8,2017,6717,9776,13,18,711.0077083260766,8
4,11,2018,11783,14262,24,9,431.0682643763209,14
6,1,2018,97599,4038,24,14,802.2919304958756,15
2,9,2018,77505,17639,10,6,570.4096692518141,8
3,7,2018,83723,2963,21,14,931.6070056139398,14
6,1,2018,56332,2046,22,21,870.4424457436317,18
5,11,2018,46788,4053,6,2,945.3633034728824,10
5,7,2018,80210,6353,7,11,247.2161653093263,7
2,10,2017,21714,12499,8,14,407.73980098069484,4
4,9,2017,83242,13873,15,23,677.2912645997128,14
3,2,2018,453,10624,20,13,860.4721432144113,9
6,2,2017,76308,6019,3,16,680.2409390856234,20
4,12,2018,73493,5190,23,3,511.301461425826,8
2,6,2018,90042,16531,22,5,213.9976928400999,12
5,9,2018,81721,4968,18,2,998.8253602269783,14
3,1,2017,13618,12206,14,15,836.5519872546926,11
4,8,2017,94676,14898,16,20,558.207000353135,7
2,6,2017,12249,16597,18,19,982.7508438331796,7
4,8,2017,81350,1774,26,26,213.08260928798072,10
0,12,2017,4144,11964,5,21,373.4730109757822,9
2,9,2018,58327,10028,9,25,214.81691171444436,20
4,5,2017,26482,1287,7,27,438.4971730700752,20
5,9,2017,90088,7014,21,21,652.5088407370973,7
2,6,2017,97992,17687,11,21,369.54095648361636,8
1,6,2018,14986,16951,27,4,661.4878787056971,11
4,7,2017,83612,13807,27,19,361.13620426408374,12
1,11,2018,83987,14562,2,21,898.9011458193016,16
3,7,2017,31262,12439,13,16,25.707242710816125,11
1,7,2017,129,10060,14,11,380.8549324037027,6
4,11,2017,54212,2298,7,13,382.60923944046823,7
0,12,2017,41050,15831,16,12,819.7039216263088,6
2,10,2017,33100,15376,16,8,497.0285074564116,6
2,10,2018,95573,17803,13,26,232.84609203730622,11
2,5,2017,65745,10024,18,7,222.07975679927864,4
6,1,2018,49572,5819,14,21,657.2526125262895,12
0,12,2017,613,14237,9,19,30.249063285171914,9
5,8,2018,79421,6233,24,22,321.02695731219126,12
6,2,2018,35610,14648,15,24,637.3196040358331,13
4,2,2018,10404,11383,5,4,694.0490139099799,12
4,11,2018,5024,6242,21,9,729.8548659852293,19
4,8,2018,43374,19333,3,5,972.5388354320784,13
6,7,2018,17113,17343,24,13,168.26086613112201,13
3,4,2017,86396,10670,20,14,191.21860930550466,4
4,8,2018,65951,2918,11,20,168.97245998995044,10
3,8,2018,60894,17629,8,12,503.2894525319826,12
2,11,2017,80859,10223,24,1,193.37922241097033,13
4,4,2017,53338,5803,3,19,281.9690596936543,14
4,6,2018,65875,18347,20,18,955.4286849498965,11
2,11,2017,41390,19878,10,18,258.90128210752493,7
3,4,2018,31610,12947,9,4,70.3658275792047,5
5,4,2017,8349,8363,7,20,836.7311188086409,8
2,8,2017,12902,3651,4,3,188.16973411869435,5
5,2,2018,334,6345,18,10,288.7367593194389,11
5,9,2018,66835,15075,24,27,353.0088964648469,15
6,10,2018,25140,7259,27,21,651.4301484304622,10
3,9,2017,62941,4496,11,3,786.3655189729294,9
3,10,2018,37230,10217,13,7,270.43069603999163,7
0,1,2018,17434,337,23,9,999.5705590866636,9
0,5,2018,53531,3141,27,14,508.3600082911879,12
3,4,2017,96691,11416,25,26,83.47140900708554,9
4,11,2017,18663,17088,2,4,76.4256459860307,9
5,5,2017,55680,522,26,19,398.5912004830767,10
0,11,2017,21610,2762,16,13,314.39341513949233,6
1,11,2018,55757,11251,9,23,328.2151589162925,10
1,5,2017,74949,14546,10,17,274.2100414828185,10
4,9,2017,50508,15536,5,5,575.8892299561911,6
5,7,2018,73711,8046,4,8,388.76572055454767,6
1,11,2017,38595,7146,13,12,724.345502311326,8
3,5,2018,19659,2843,5,11,148.5467465294735,8
3,12,2018,80274,2286,9,17,202.43295297600656,3
1,4,2017,40158,15601,16,13,771.2343029879181,7
6,5,2018,73352,12739,9,1,238.96494693555874,12
1,11,2018,76254,2596,17,26,929.7435598015019,17
2,3,2017,40668,18024,22,7,657.1241460106735,12
5,11,2018,80243,142,6,20,396.6927585760906,11
2,6,2017,55813,9003,5,18,322.64363340458954,4
5,6,2017,86252,17960,15,4,757.5707067405696,10
0,9,2018,16602,547,15,12,448.24555288322125,7
0,4,2017,48283,16340,27,15,30.469410560857725,10
2,7,2018,81929,12874,11,13,602.4018989916369,16
6,8,2017,62939,16073,23,4,310.81311759000704,11
0,2,2018,6632,6481,4,22,504.065454967219,9
3,12,2018,29058,6054,5,24,514.1188386644262,10
6,4,2018,85197,1209,19,25,875.1047480784832,17
6,8,2018,32714,11721,21,3,807.3927803154637,16
6,7,2018,53425,1520,16,11,694.9831744194549,12
5,2,2018,61527,18944,24,17,937.7572234714212,15
4,7,2017,29086,12093,3,13,696.3204520653055,14
5,3,2018,89190,1527,9,7,712.1988159957253,8
3,7,2018,91896,590,7,8,767.0754401899987,7
2,3,2018,9248,13559,4,9,932.9707910935654,12
1,2,2018,13674,5875,10,20,316.1048703368158,10
4,4,2017,84503,19147,15,23,701.1933032959965,12
2,1,2017,54056,16016,26,24,782.2227028649643,12
1,12,2018,4672,15977,7,19,285.7447942553467,9
0,6,2017,28542,7654,26,22,49.941959895574605,8
4,10,2017,95078,13655,16,8,574.1134271814952,7
5,6,2018,92184,7664,5,15,518.8057677415794,12
1,2,2018,82590,5358,21,22,938.6821890459739,14
3,12,2017,77304,1339,22,26,134.43284299076228,5
4,7,2017,15248,8153,15,25,66.5128309950469,5
5,12,2017,22186,15504,19,13,937.4215006737687,10
4,6,2017,25155,8170,2,25,403.614205423516,8
4,3,2017,30010,12796,8,12,837.2592825465931,9
2,8,2018,82825,4170,12,11,349.2159866738346,11
2,12,2018,83309,5564,4,19,662.6120406339908,7
5,11,2017,6324,3455,18,20,493.04456203319984,12
6,1,2017,74514,3583,23,5,605.8756729483244,13
5,9,2017,4836,16806,3,5,410.93588329379264,4
5,8,2017,36653,19130,19,5,441.0981717804082,15
3,6,2017,53726,560,19,14,716.9158174174067,10
6,8,2017,95916,15752,6,27,374.6950302275313,12
0,10,2017,91193,413,6,23,474.85572970929593,9
0,1,2017,70505,9141,27,8,437.6102616920091,14
3,4,2017,90733,198,3,17,300.3997806697583,6
6,3,2018,20843,18904,7,13,894.3636591876377,12
4,3,2017,34055,889,10,4,651.8572159983283,11
3,10,2017,45669,5445,19,11,588.6496582142207,9
2,2,2018,61673,14874,12,1,36.80890566716678,12
6,10,2017,96436,13396,13,15,396.9588952795244,5
5,11,2018,55090,15779,23,18,967.5366960835604,18
1,4,2017,12870,9040,2,4,961.9350400726576,5
1,7,2017,57920,18389,7,3,244.3366226963589,7
1,9,2018,12605,12090,21,25,126.2974059242176,1
4,11,2018,491,845,21,17,577.9310934521584,9
3,6,2017,65739,8458,13,3,265.64910043487623,11
0,10,2018,28201,17664,21,27,145.86326292081074,2
1,3,2017,5210,7541,21,24,981.4635101121137,1
6,2,2017,63094,1863,14,13,562.4335360018066,6
6,12,2018,16879,9060,27,19,213.57929633829596,9
2,7,2018,10384,15413,21,12,861.0372086235883,17
0,1,2018,76286,19322,25,19,342.87771799971557,10
3,11,2018,46151,6803,20,14,145.28783453347674,8
5,6,2018,18435,18265,15,6,627.6960158130026,8
1,1,2018,59116,19929,12,16,409.3041709319594,7
4,1,2017,91627,17520,12,2,870.0722745124108,11
0,1,2017,1716,7702,20,14,552.5769845993933,6
6,2,2017,83024,11105,13,22,408.0785629314687,10
1,12,2017,12336,15368,24,14,346.5197844378213,5
3,4,2017,17415,2010,10,17,407.4272781585767,9
3,3,2017,89559,11749,8,16,864.7757799768717,3
5,4,2017,27943,12857,1,8,495.9644695649148,10
1,7,2018,43490,12930,12,22,440.6900955725589,8
4,6,2017,12842,5960,2,8,557.9350945629585,10
1,3,2017,9147,7351,12,17,554.8804665848766,1
2,4,2018,94647,1564,19,18,776.8189753488394,7
3,5,2018,54196,1504,13,22,620.8167389022401,13
1,9,2017,62431,18963,19,4,707.3695339087527,8
3,12,2017,51015,15432,16,26,553.9630202585441,8
1,3,2017,77834,7786,15,22,50.47525125314206,6
4,10,2018,53614,19171,6,22,715.5340641968523,15
1,5,2017,95224,15740,19,10,16.861481811309183,8
6,8,2018,88437,7583,2,6,284.6988959922036,7
1,7,2017,92331,14852,11,2,46.15678423772798,2
1,8,2018,71929,5711,24,23,585.9628192416586,10
4,12,2018,71443,18295,10,27,606.766571360909,12
6,6,2017,48269,7812,25,11,668.0157804097707,11
6,10,2017,94205,13459,1,16,403.08227328954314,12
0,7,2017,28630,7625,4,10,196.93565308022613,1
4,7,2018,20668,9505,24,12,599.9740266354003,8
4,9,2018,55664,12188,21,7,999.1265386375734,12
3,6,2018,70312,14521,10,17,57.48219665701468,13
2,6,2018,47428,6759,23,11,864.4017578716832,14
2,12,2017,94220,1616,4,24,144.02182046178393,5
0,8,2018,20882,6893,22,25,993.6995383626303,9
0,12,2017,2026,2761,13,17,390.82440416549446,4
3,6,2017,6553,807,6,22,416.54894518541425,13
0,7,2017,34428,3053,23,18,958.5589608083245,13
5,1,2017,1402,11952,18,23,256.31776798927206,8
4,12,2017,38744,3829,21,21,579.7970389310434,5
4,8,2017,76256,4370,14,7,540.4913837541485,11
4,4,2017,56702,18873,18,4,80.90913633076778,6
3,2,2018,89725,15943,7,22,143.95951117036853,17
1,5,2017,72971,314,8,22,316.54891971569594,8
2,11,2018,93072,321,17,21,790.194843975707,8
3,6,2018,9633,17023,5,16,629.7369896710741,18
0,6,2018,52181,2089,24,10,805.5945343151033,10
2,1,2017,12130,2983,21,7,418.4184481418039,5
5,8,2018,89005,12713,7,13,488.4581601985833,7
3,9,2018,4629,13954,20,3,675.7952646952162,11
0,11,2018,15026,18616,19,4,743.6871439525288,14
5,10,2017,73893,18400,14,13,323.4524528903101,7
6,12,2018,43201,8023,26,23,286.47002354731126,9
0,12,2018,48597,9963,19,8,615.0021308783253,14
3,4,2017,97812,14872,13,4,655.0861549656347,14
1,2,2017,73621,1575,10,19,323.14284704761036,10
1,12,2017,35152,17094,1,15,342.0985442511642,2
1,3,2017,26095,15159,18,16,112.37428599549499,2
0,2,2018,70219,18513,22,2,93.45798178573872,15
4,7,2017,1095,16674,20,1,630.6441579302665,14
5,2,2017,34085,15178,4,13,157.42665107187983,7
1,2,2018,99480,5324,5,7,143.0112112699014,6
5,5,2018,77291,2512,24,8,899.0085134788279,21
5,2,2017,68666,15653,6,5,600.8825691951754,15
3,2,2018,76353,12161,2,19,781.3470670612747,16
2,12,2018,14037,6334,6,4,60.6130141099834,2
1,4,2017,50230,6851,20,17,568.9420362563748,1
4,1,2017,30522,17955,23,6,966.1760129612785,10
3,12,2018,20181,4569,19,11,410.0869926933445,8
3,8,2017,72758,6509,16,22,936.1054137474507,7
1,2,2017,63873,2467,22,4,730.8892153519679,9
1,11,2018,78711,2558,10,23,340.7198380002432,10
4,4,2017,54808,18501,12,14,647.8115659065069,10
3,6,2017,5385,14933,19,18,602.7481871003207,7
0,3,2018,27974,14876,13,6,971.4695173381074,8
2,2,2017,42632,15281,24,19,457.1620801616988,9
3,5,2018,92025,1654,27,15,737.1596619712777,14
6,2,2017,34361,10590,27,17,583.3133796478584,10
3,9,2017,17983,19725,6,10,719.8251775985555,10
0,5,2018,38993,6331,13,4,401.07766293453386,10
3,8,2018,13864,5796,17,24,724.6884053672172,10
5,8,2017,19182,15652,16,8,566.517850251466,10
3,5,2018,83004,5315,20,14,918.945782179736,10
3,8,2018,37712,4708,21,21,785.5753223321137,4
6,5,2018,24381,12419,5,23,570.3446665941785,14
2,7,2017,8174,19414,17,13,495.5943821428173,14
5,12,2018,7995,10974,4,3,362.38066852260255,9
0,12,2018,909,17227,18,17,278.46308520113246,8
6,9,2017,5452,15623,2,20,310.3296770971711,7
6,7,2017,51981,15716,15,12,847.8957776731273,15
5,9,2017,45879,4867,17,6,30.733572652033327,10
0,10,2018,84621,6147,7,8,406.23803207223443,7
5,11,2017,61164,13964,8,23,887.7035410656619,11
2,4,2017,15761,13295,24,15,983.4880079784365,9
2,1,2017,81341,252,20,20,265.6398784811221,12
3,6,2017,7990,4045,4,26,979.0248490122809,10
6,4,2018,17620,15887,6,7,933.6634865793105,15
0,2,2017,81346,14311,18,26,345.1146862885917,8
1,4,2017,15941,16839,18,1,436.7688607887496,6
1,7,2018,42270,19733,17,23,379.32489236591744,6
1,11,2018,77362,790,1,8,755.3135689805318,14
4,12,2018,69206,9997,23,1,548.1332068359615,16
4,3,2018,33518,16175,1,7,777.0653113989749,13
6,5,2017,18489,17341,15,19,908.4374942633663,12
3,4,2018,19431,19453,20,14,116.78858359636435,3
1,6,2017,69924,4907,8,9,343.73530513429085,2
5,7,2017,82077,2902,14,22,741.1720438432918,17
4,5,2017,5932,3296,21,14,948.3270751930163,13
6,6,2017,26681,9776,26,5,169.5101524565751,9
0,1,2017,53957,3197,23,20,559.4307492115524,6
0,9,2017,66229,19612,24,19,958.3979056287801,9
0,2,2017,56947,1083,2,5,898.6837844125272,5
5,7,2017,72584,8602,11,7,332.8798811834899,4
1,2,2017,85843,18584,7,6,527.6061492954009,5
2,3,2018,66299,19600,14,12,626.3881755708624,12
0,9,2017,39739,17850,24,17,65.05903538000328,1
3,3,2018,66813,17090,21,15,374.9940143731639,8
1,4,2017,63426,14493,17,17,999.2187809117514,13
0,2,2018,64652,11807,16,4,29.46446115037739,8
0,4,2017,84532,8851,26,12,170.14717417743447,11
3,12,2017,12010,19660,20,8,774.7584930881868,6
4,7,2018,87547,10747,23,12,352.3230420939117,14
1,1,2018,21508,5742,1,16,495.1014067334177,9
3,5,2017,30510,3914,24,16,628.7657836231564,9
5,10,2018,43887,4771,19,23,966.9978251905187,14
6,12,2017,11036,13301,8,9,67.34666503218526,4
0,9,2017,96613,4434,2,3,543.3978261638902,4
2,9,2018,69734,14015,22,13,339.0756007995785,17
0,9,2017,86141,15415,18,21,994.000914769572,8
1,9,2017,4915,1543,13,20,538.7258326222084,3
2,10,2017,18520,5281,25,20,937.8457262886011,10
3,3,2017,62224,8283,22,6,651.2225273719763,8
5,7,2018,54154,7249,19,15,374.8166186828219,6
4,5,2018,78657,17515,23,13,894.4292224596335,20
6,2,2018,22800,3953,9,2,821.4468626208943,13
3,5,2018,99386,7264,14,25,352.7454431051811,12
0,8,2018,95190,17389,13,1,307.1219286354714,11
1,9,2017,28974,15825,12,9,938.7556546113475,5
3,8,2018,22330,8334,5,18,533.8594026952796,15
2,10,2018,33265,19459,1,8,751.5488182897395,12
0,1,2018,30248,9851,15,14,384.24669292734563,3
6,12,2017,80928,1042,6,19,598.9481429785137,8
2,2,2017,56786,16920,25,26,916.6746672217868,12
3,3,2018,51027,14635,6,18,235.97178013066696,8
6,5,2017,18129,3482,3,1,395.77437887978675,14
1,3,2018,54214,12049,17,13,154.41960639972555,11
6,5,2018,82684,11523,6,5,606.9952792984501,12
5,2,2018,91950,7482,3,15,560.6586756190621,7
4,12,2018,78841,16373,15,15,986.3032327064697,16
3,10,2018,8165,6566,25,16,125.1557017344893,6
6,6,2017,88066,2066,1,27,908.367670824127,17
6,6,2018,41413,2139,24,27,498.9553307332334,10
5,8,2018,64293,4003,24,21,115.88945396179811,10
4,5,2017,84026,9405,7,27,156.62315683761253,13
3,3,2018,31768,15836,22,11,885.3901741747999,10
5,5,2018,7378,18594,18,4,334.9604287037024,9
1,5,2017,94817,329,8,2,484.846394444934,13
0,8,2018,87122,6091,4,8,838.5140039404619,7
4,8,2018,58486,18839,12,9,775.9967612064053,12
6,8,2017,42745,2796,15,5,708.3246408183667,8
6,1,2017,95298,14875,27,22,574.7272942074487,12
5,7,2018,10195,11799,4,8,502.1973510654431,9
4,12,2017,9783,18075,18,10,529.7380567084072,9
4,6,2017,1456,4167,11,21,302.79269011391017,10
0,5,2017,45089,11016,13,15,710.3491031420568,5
1,11,2017,49397,11558,19,9,618.4796449976898,14
4,3,2018,89701,6184,3,6,887.4913108244583,9
5,2,2018,60077,11709,15,15,116.81171074348053,11
2,9,2017,43707,1842,15,7,702.8973492380454,7
2,5,2017,16355,6646,18,12,75.75512116790046,7
2,12,2018,27416,7701,8,20,24.15444438990914,1
1,11,2018,51315,19333,1,27,311.3788212889466,16
3,11,2017,7338,1007,7,19,855.8724690603623,6
6,3,2017,1218,18510,10,9,279.9209643904403,1
3,10,2017,33393,9125,7,14,314.5920797933811,1
3,9,2018,91723,16519,5,17,76.27881484308784,12
0,2,2018,46475,7509,27,18,245.18693557763274,7
4,4,2017,94803,13076,16,25,440.6250423334111,10
2,6,2018,19109,16058,22,2,367.7605814381229,9
5,9,2017,53968,1567,18,23,739.4531213787839,9
0,7,2017,25285,18454,3,20,161.59895250824692,6
6,8,2018,21679,16831,14,17,604.3543126850325,9
4,10,2017,74798,11260,24,14,387.14259167432243,8
2,6,2018,76966,11187,22,14,359.5381168658225,9
5,7,2017,2376,16402,16,3,587.0321898079212,10
6,8,2017,33628,11180,26,17,343.0045447040203,8
3,12,2017,85923,7727,1,1,371.0048093487841,4
2,11,2018,16820,4422,23,14,523.1445149701639,13
5,1,2018,56328,12992,19,25,357.3778298606338,10
5,8,2017,52886,2592,19,11,909.1365473371868,13
1,5,2017,65370,10641,5,24,505.9285015780246,4
6,6,2018,90913,9065,1,26,522.9546094671937,17
6,8,2017,30653,10863,20,10,500.6149093488116,7
5,4,2018,30446,19156,9,17,620.8825041292205,11
5,3,2017,55377,8737,4,20,875.3297861946824,9
2,11,2018,13161,3663,24,2,929.2385755820416,18
0,5,2018,94917,15263,14,17,669.3767915734181,9
6,6,2018,19975,7748,6,8,442.7353502948299,7
3,4,2018,8270,4564,23,22,850.9023505029944,9
2,2,2018,77926,14191,14,6,110.99315877450847,14
4,2,2018,20278,432,25,1,99.47278038380813,15
4,9,2018,76415,19382,15,15,94.577309021061,5
0,2,2017,93414,11626,17,17,969.9249858275529,11
2,4,2018,46095,3594,1,27,612.5497945476933,17
2,9,2017,28913,6613,8,4,203.18558573210413,5
2,4,2018,69493,6596,18,27,964.5981505075365,12
5,10,2018,66666,10172,17,8,485.0018132488445,18
2,11,2017,96393,17640,13,22,60.00717318017281,6
5,6,2017,39061,18767,23,10,411.82884778061793,8
5,6,2017,72637,12992,4,2,371.1386268436794,8
5,7,2017,22388,2925,22,5,990.2260885943681,11
1,8,2017,35558,12893,20,11,206.05809677256798,6
5,3,2018,51572,16296,12,6,332.0445626179025,12
3,1,2017,98145,10392,7,23,868.6789291088484,13
1,1,2017,87514,8655,1,15,903.2468739871136,12
6,2,2018,80309,13471,24,22,689.1867266876135,16
3,2,2017,74193,14205,16,4,496.00056601974995,7
3,11,2018,45390,3505,11,21,809.3488859830284,13
3,12,2017,48516,18922,26,19,63.1758198069132,1
6,6,2017,6158,2849,13,23,497.4314264244714,13
3,6,2018,85091,3182,27,21,941.2800943881847,11
2,3,2018,82635,1618,7,22,981.2236873921174,16
2,5,2018,42727,267,20,24,262.0143156003927,12
5,5,2018,33533,443,22,9,857.8765378151426,12
6,11,2018,64197,12048,6,14,795.333885739781,12
4,9,2018,47724,4694,13,25,566.5915266002934,4
6,1,2017,47826,105,3,3,699.865880152534,9
1,11,2018,38320,15111,14,22,894.3396934674674,16
5,12,2017,22090,3488,16,8,588.8764043504945,7
0,8,2017,49454,3944,6,26,878.4010045607986,11
4,2,2018,24041,3661,15,25,871.056711768686,15
1,2,2018,89173,1575,8,10,804.4888800886648,15
1,11,2018,80038,391,14,8,216.93486245233106,13
1,6,2017,45228,12711,17,26,821.403184907956,8
4,6,2018,37612,5950,8,23,330.18673761098535,7
6,5,2018,86317,126,25,7,616.5288595148977,15
6,8,2018,72515,2656,5,14,314.07578229179194,14
3,2,2018,55050,8010,10,21,392.71104133254084,13
0,6,2018,39392,15038,26,10,206.50012132256657,11
3,2,2018,78776,2554,18,7,716.0405164610471,15
6,2,2018,77367,6840,24,3,537.0254692603335,16
5,6,2017,38931,17926,2,18,901.0992770110379,11
4,9,2017,72114,19024,12,25,781.7216694823493,13
5,5,2017,38982,3113,21,26,42.09023374303952,5
0,8,2017,1227,3065,16,10,881.1852002151454,9
4,8,2018,74606,15859,24,3,348.8917224360616,14
4,11,2018,96673,18990,16,12,228.3799005141019,13
2,7,2018,5738,7353,20,25,134.8846142142835,2
2,1,2017,23205,541,14,19,87.57520685088205,4
5,2,2017,24869,14748,10,21,215.3401187895466,9
1,6,2018,94839,18326,11,15,574.5185292808452,5
6,4,2018,63874,8314,23,2,294.5090890273694,15
0,10,2018,53398,1585,8,3,213.08869394656887,12
1,9,2018,2066,13179,7,11,35.660118576223425,9
3,3,2017,11522,10168,11,15,403.45219375781113,8
3,2,2017,80120,238,18,4,275.68063359744343,12
1,7,2017,61322,3645,9,5,313.89098933947065,6
4,7,2017,13897,2267,20,1,585.5791632856264,7
6,10,2017,22214,10422,15,13,315.53137221154304,5
5,7,2018,92425,19075,5,22,918.4331500449974,18
5,12,2018,72768,6358,11,16,999.859579361991,9
2,6,2018,76775,6522,26,11,625.5717260383243,5
6,8,2017,60041,7808,14,8,230.89456330681463,11
0,10,2018,47792,3663,10,17,456.9319456755766,4
5,7,2018,13684,9065,17,5,952.3197555546975,7
2,2,2018,33253,883,22,16,560.0470432601594,7
5,2,2018,68917,6706,21,4,467.8667877049707,16
6,4,2017,75956,18881,13,15,887.7730731100023,16
0,12,2017,99828,13696,27,7,507.6734952306307,7
3,8,2017,24912,10628,5,17,843.0619334026844,11
1,10,2018,99526,7800,10,9,551.0130667348113,10
6,12,2018,62320,10206,11,18,26.296512981604508,14
5,12,2017,58373,12887,17,5,965.3357283805435,11
5,1,2017,82313,12155,8,20,92.1361875452227,9
1,6,2018,13350,10380,2,26,377.14795851868377,10
5,6,2017,35556,1829,13,9,370.2537456245736,1
5,5,2018,7981,5723,23,9,594.6877437456262,10
6,11,2017,37012,13454,12,15,972.2705150953824,8
5,3,2018,32624,2112,16,9,553.982824032041,14
6,10,2017,47624,5499,21,18,83.9201217983342,4
2,10,2018,60235,16402,3,2,918.7711827505724,10
0,11,2018,14297,9815,8,15,575.5268617740644,13
1,5,2017,61028,6194,6,8,115.71554606787116,7
4,6,2017,80880,8839,7,5,757.5310598210544,2
3,5,2017,18546,14210,9,25,651.8599531778686,14
6,3,2017,44670,17157,17,8,616.7918644128612,14
0,7,2018,80555,14999,24,15,513.1433016285268,13
4,2,2017,4436,19891,10,22,827.2128985715491,12
6,4,2018,55837,8405,1,19,104.20443299368716,15
2,6,2018,51142,464,19,21,469.49040243918296,3
3,3,2017,22680,18915,16,15,95.82183719873609,2
2,7,2017,15689,5587,7,24,68.21382398902598,14
6,11,2017,20582,16781,18,22,35.83587896356087,8
2,12,2018,82947,4331,17,6,880.6581362482704,10
5,3,2018,21860,12009,16,11,876.2245420153498,12
5,12,2018,61126,15215,15,21,937.4926150297373,12
2,6,2018,98534,12569,7,1,309.79786911401465,1
1,9,2018,30540,3173,10,25,727.2230848089567,5
0,8,2018,82899,19173,22,20,242.7798156418045,13
4,6,2018,62727,14349,1,27,558.0794159446016,10
0,12,2018,10027,11984,26,12,217.93462044734258,11
5,1,2018,59251,10056,9,18,106.1212179284451,13
2,12,2017,53944,9624,18,17,722.3271276680495,8
6,9,2017,64069,7018,2,26,787.397755516204,12
1,5,2018,71612,15086,16,17,739.4645165291557,10
4,12,2018,81008,9626,3,14,518.2407650814391,14
6,12,2017,10084,16817,18,4,789.3649915691989,12
0,12,2018,9977,2742,14,2,511.5177924281752,7
0,2,2018,85048,18932,13,4,111.82277639050625,8
3,11,2017,67357,5377,15,17,324.1252816533733,12
2,5,2018,48556,318,1,27,733.6676203900324,14
0,3,2017,26578,4585,24,7,738.1310451569522,10
6,6,2017,66687,2891,20,8,91.85774145027305,6
2,3,2018,91688,7928,24,17,577.4198156415385,6
2,9,2018,94520,5370,15,6,85.2285800064376,4
5,8,2017,77421,18157,18,5,635.7611603960929,15
3,9,2018,66897,9347,27,7,881.9303196370927,16
2,1,2018,13223,518,13,26,736.151335547669,6
0,8,2018,64227,2724,4,6,859.738974815196,9
3,2,2018,97744,16425,26,25,451.05738714962933,17
1,3,2018,75250,15913,2,21,43.897380434950875,10
3,11,2017,68073,9731,20,10,640.926865263349,10
4,8,2018,14818,18404,2,1,705.247354110004,11
4,6,2017,92615,6485,21,2,707.7818681698292,10
5,11,2018,93157,13157,6,7,521.5930551057555,17
6,10,2017,5474,11444,12,3,854.428290231078,8
3,8,2017,17742,1781,17,4,877.6071517361189,10
3,11,2018,45329,3361,20,9,519.0010125033506,7
1,4,2018,21826,11318,24,2,801.2761617208431,12
3,10,2018,36321,13358,2,19,725.7710975726592,11
5,3,2018,99858,12227,11,17,428.94668921174264,12
4,6,2018,90988,18602,14,6,983.2346437034261,14
0,8,2018,3640,4619,15,2,626.7975952705576,8
2,6,2017,96195,17367,11,7,407.9217705613681,4
0,4,2017,35317,3592,24,18,267.4552479140167,1
5,11,2018,73131,12380,14,24,694.4481031402893,14
5,6,2017,32355,10239,12,1,894.3006945146969,11
6,2,2017,3703,5661,12,10,783.2802899734206,12
0,1,2018,82333,14512,3,7,711.8388478889685,12
6,3,2018,59194,445,24,19,382.49685137117586,5
2,2,2018,89866,15367,14,22,269.27761499310617,12
0,8,2017,47452,18054,27,13,238.3292445087025,6
1,8,2017,55170,17902,24,12,601.9724721103292,7
0,11,2018,44657,16843,8,2,583.9227495954468,9
0,2,2018,84177,9401,10,2,858.7497482859077,18
2,11,2017,93629,10331,9,9,294.0815122218318,7
0,5,2018,61595,9908,5,2,119.06812210632746,9
3,5,2017,4229,2676,22,12,677.2024403597215,9
3,12,2017,45487,870,25,20,207.4208436973955,4
1,12,2017,15122,1025,9,14,469.80370764818997,6
0,5,2017,16735,12850,21,4,367.6745186705139,6
1,2,2017,46479,8010,8,2,949.3763885220742,7
3,4,2018,69831,10111,2,24,72.17629730501687,8
4,9,2018,84733,13470,3,22,253.80255406868298,13
5,9,2017,30314,8218,6,20,688.9155770510579,4
1,11,2018,98987,7867,15,26,430.15494803200613,6
4,6,2017,75232,649,24,25,307.7626918552676,12
3,7,2017,62100,2553,14,18,146.29739512039458,2
2,12,2018,99798,17316,21,7,747.0061081530472,16
2,3,2018,17080,15519,24,18,521.4399055387776,8
6,12,2018,13698,9147,21,2,836.16062296543,14
5,1,2017,53854,2850,20,14,35.84784791295387,9
5,7,2018,54352,7038,1,13,274.9739186066148,10
4,11,2018,10635,10247,27,3,647.9839241204854,13
6,5,2017,86528,17788,13,5,454.61948022178444,12
4,8,2017,97384,17532,17,16,97.8206612228618,8
1,2,2017,827,10659,5,10,650.959820628022,10
5,3,2017,64915,11731,14,9,573.5316792693371,9
5,3,2018,34302,17381,3,27,307.9190706475316,13
6,10,2018,60066,12058,17,24,982.8186756711489,12
4,2,2017,28990,2497,21,21,308.9154803136369,1
0,7,2018,30676,14591,16,23,495.55700948621796,4
5,7,2018,46470,16736,26,12,794.6808681804654,17
4,3,2018,38984,11739,24,5,198.9564847518428,12
0,3,2018,52960,13189,3,17,10.91231662546031,7
4,11,2018,19751,16633,1,3,290.04092588744345,8
1,9,2017,93689,19085,3,13,660.0224462583968,7
5,2,2018,43813,19830,14,27,240.44813745571818,10
4,3,2017,30122,4703,18,19,232.1891321597009,5
3,4,2017,12924,13199,3,15,118.20716368256632,8
6,10,2018,48671,15363,14,12,930.9157366044625,20
3,11,2017,84006,4608,7,1,397.3337517672435,5
3,11,2017,77849,821,25,10,82.94446562606481,7
2,9,2018,74053,2311,17,6,851.5053565108635,17
2,6,2017,42999,19391,10,15,584.8871744369848,9
4,3,2017,36538,8833,2,25,420.769033329188,10
2,1,2018,13295,275,20,21,17.980435249035043,7
1,5,2018,98179,15158,10,1,628.8973548650581,12
1,1,2017,58928,1584,11,6,417.7425724175947,9
0,9,2018,85276,11073,19,16,89.32998934277467,1
3,6,2018,66762,15533,12,3,611.8570830227897,9
5,2,2017,46809,786,4,27,344.4070549511896,15
4,2,2018,20671,19780,10,22,927.4137946099984,19
5,1,2017,61479,19686,9,1,710.7459887674974,15
2,10,2018,35233,7646,4,5,622.7660402053774,13
2,5,2018,28638,11148,22,27,721.2163568379319,8
6,12,2018,57489,12149,7,3,399.8304134399785,13
4,10,2017,25141,17708,5,8,603.3143925758133,11
5,1,2018,86506,8097,23,5,950.9502141020708,13
5,2,2018,76844,5132,27,9,625.729290783424,23
0,2,2018,87987,10578,1,24,888.4571857287435,17
1,6,2018,7524,7914,26,5,409.22895123792955,12
6,1,2017,84387,3361,20,11,240.59220104064312,4
2,6,2018,97433,13322,15,11,242.2965411129991,1
4,12,2018,38665,6098,20,27,533.246443566088,8
5,3,2017,54055,13296,21,19,16.474918581165518,9
0,7,2017,99564,11035,10,4,851.2882602628366,7
4,5,2017,6735,16903,25,14,880.9614422305679,15
5,11,2018,45192,11662,3,27,301.8308539720363,12
0,6,2017,85795,9067,9,15,16.432320736365188,5
4,4,2018,84425,10772,18,17,254.7032334950978,12
4,8,2017,97920,5320,19,27,817.2620719642382,13
3,6,2018,75048,15966,4,23,488.6995465023139,8
0,4,2017,24850,19717,27,17,12.40512504552888,6
3,6,2018,92662,2251,7,3,819.0000963083636,4
4,10,2017,22173,12045,25,8,513.0105671741735,11
4,6,2017,61482,11977,6,8,520.1563201137724,6
5,10,2017,18725,13372,17,18,290.1691934195109,1
6,2,2017,67881,3487,10,7,473.2458051962837,7
3,3,2018,53379,8386,25,25,292.27838523040634,11
3,12,2018,91352,11858,4,14,639.4126556058391,8
6,5,2017,80149,15956,17,7,335.4391499471239,15
5,6,2018,83680,143,6,20,734.4627434139995,19
2,5,2017,95805,14006,25,21,447.48038680829285,12
6,7,2017,82080,6935,1,4,670.8958676356407,11
0,9,2018,38988,1873,3,16,769.0283428564356,12
3,1,2017,73146,2519,12,3,726.0394506590225,6
5,9,2017,21233,19813,17,17,37.907845933175,3
4,9,2017,99527,2831,24,19,123.4778350942443,12
3,2,2017,78691,7561,16,23,357.7632652012928,8
4,6,2018,40270,6271,18,3,112.08426458521703,9
1,6,2018,32791,8410,12,17,936.1081440436295,9
4,7,2017,11150,3386,23,20,186.1105189915139,5
5,2,2017,22763,7777,2,13,554.2829767041693,12
4,5,2018,25263,13844,4,6,359.0314689720213,15
4,9,2017,12604,14812,7,12,212.4661633975131,8
1,3,2018,83105,3691,15,13,656.9209341492333,12
3,3,2018,83441,14544,26,4,60.433621840572116,12
0,6,2017,43008,1562,17,15,802.8175524622471,9
4,3,2018,25207,1819,5,6,720.7625796978692,13
5,11,2017,61019,17842,18,2,879.2467540722366,16
5,2,2018,74564,19580,26,21,763.4023657327441,18
1,7,2017,75711,12568,25,3,711.8723701067998,11
3,8,2017,80578,19824,18,18,942.4686437177713,8
0,11,2018,86378,16769,5,22,857.6590445848304,10
1,1,2018,92310,7884,16,26,993.7839991556941,11
6,3,2018,15224,2068,20,19,906.704243477407,11
6,12,2018,10175,5350,19,20,467.275573618129,7
3,12,2017,29907,1368,10,17,887.3124930129327,6
4,11,2017,57872,2741,7,18,898.8799891405685,14
3,1,2018,63711,19551,4,19,836.2728725550649,20
4,7,2017,77638,18964,19,4,948.3719246840627,13
0,6,2018,83127,14527,2,18,288.2878049806324,7
4,2,2017,98440,741,5,7,553.7056601591906,9
2,12,2017,33678,15679,17,3,466.543502663731,3
5,3,2018,5054,11090,27,19,129.38293774404167,11
2,12,2018,46998,7153,21,14,954.726619055126,11
3,2,2018,12725,8440,24,4,23.61617655266684,11
5,7,2017,73854,3060,24,13,232.2913000181397,10
6,8,2017,9414,4725,13,6,584.6240776979388,9
6,7,2017,90418,7095,11,26,372.37702813336625,5
5,5,2018,15157,3697,2,2,603.6594859215751,7
0,7,2018,94549,2145,15,8,44.37940964238835,10
0,11,2018,51404,15048,7,7,950.6494904559147,16
3,1,2018,86666,18584,13,9,344.2269518712362,4
1,5,2017,11589,4392,17,3,392.01328541261165,5
6,9,2017,37184,12992,16,17,460.90806858738296,8
1,12,2018,62571,11813,3,24,976.1654303688232,13
5,1,2017,97367,16911,2,20,866.9716806741702,22
3,7,2017,53028,15081,18,2,396.3424266195728,11
2,10,2018,69689,9832,5,10,102.96404252500867,9
2,2,2018,75917,15987,20,21,21.93113317441643,13
6,9,2018,72650,12450,27,5,889.1531467122286,18
6,9,2017,76721,128,8,8,518.0917433287686,7
6,11,2017,15431,18777,8,11,200.14662446859495,12
5,4,2018,73847,4765,26,7,390.087759931201,16
0,8,2017,85383,546,25,1,229.21828824304603,7
3,1,2017,72614,9422,26,16,606.0874370527861,5
0,12,2017,7893,14279,19,6,871.2569767607949,7
5,9,2018,53377,4632,3,14,808.64126524368,10
2,12,2018,96916,5022,7,14,450.27224962684267,11
1,2,2018,23056,4601,26,8,283.342488567851,10
4,4,2017,293,6956,13,18,248.73260026773755,3
4,8,2017,37034,7654,12,21,943.1994385038826,11
3,6,2018,69808,15662,5,3,984.9706847860954,15
4,3,2018,81233,19911,7,27,712.8715827681398,14
3,8,2018,85515,937,10,7,155.94330874284825,6
0,2,2017,54713,7022,13,9,826.9623528806646,9
4,1,2018,15249,8092,1,18,247.62737032133919,16
6,9,2018,78118,19214,15,2,187.41247287038163,10
0,12,2018,41534,8284,20,22,263.9888973670315,2
1,8,2018,50875,6983,12,23,151.7996958174986,5
0,5,2017,69572,18944,25,20,476.861537364233,13
4,5,2017,30497,17783,16,24,910.1173059019382,17
6,2,2018,328,17653,8,11,527.8554835759711,8
1,10,2018,35283,11683,14,3,868.5753059500336,11
4,2,2018,49920,7214,24,16,719.3028429500844,8
2,2,2017,94037,338,1,7,957.6841959263725,15
4,9,2018,65317,8836,19,10,523.2916429347571,8
4,2,2017,53924,16837,5,24,501.7743963267215,11
3,3,2017,10931,1094,19,7,197.61870600771877,6
2,3,2017,35449,3996,10,1,545.1511275216126,1
6,4,2017,3743,19141,8,26,354.4289888346082,7
4,2,2017,54255,13812,27,7,355.646946267959,13
1,11,2018,78423,10205,9,9,956.3157455187375,10
5,9,2018,27039,17253,18,10,792.2489162128096,12
0,6,2018,55442,3680,13,4,682.3831659688,12
5,8,2017,23105,8599,14,2,125.76832837808557,1
4,7,2018,2633,3618,8,22,757.109356723489,11
3,1,2018,22591,18219,2,4,76.25927648971135,8
0,1,2017,25251,17569,6,20,889.114653380524,10
2,5,2017,77454,12234,15,4,338.8319862969532,4
6,1,2017,34823,16017,23,11,781.4043264026957,15
5,6,2018,55979,6570,3,25,922.0875023009628,16
5,6,2018,1981,8883,16,13,627.2694290476385,11
1,9,2018,59101,13632,12,21,605.6098646401572,10
0,7,2018,3010,19186,23,22,537.5516417370034,8
0,12,2018,17987,13144,14,22,309.0156134245817,7
6,11,2017,6622,9541,25,4,14.797966480267458,9
4,2,2017,4957,8061,10,6,949.2418653121749,7
6,10,2018,83223,1662,5,26,781.1373116322789,17
5,11,2018,19195,5512,19,20,954.7820499774849,14
0,2,2017,3672,1228,10,6,610.0648060781665,7
0,6,2018,47736,1262,4,20,474.18200004633115,10
3,3,2017,52901,788,15,3,586.6172469364802,3
1,4,2018,70740,11991,27,24,301.0531733614264,2
4,5,2017,65233,16228,3,15,638.8235684944458,12
4,8,2017,86479,2747,9,17,166.8202774223206,6
3,3,2018,28784,1445,20,10,940.6132325846629,11
3,5,2017,11723,9118,20,14,340.28903245825677,7
2,8,2017,26282,3396,19,8,67.97018248204408,9
6,6,2017,44430,15146,8,15,894.1567913802834,16
0,8,2018,27919,1917,6,17,692.9874453269397,2
2,7,2018,63910,9926,19,7,450.4117673962078,9
5,11,2017,13064,8869,26,10,697.3108401324657,12
3,4,2017,61129,6740,1,16,182.1123129903092,4
4,1,2017,21894,5924,22,12,438.6063291135455,7
0,5,2017,92287,15469,11,6,501.98424960408965,10
3,4,2018,21823,17922,5,23,611.2921112714711,13
6,5,2017,82522,12331,18,4,305.1886960921607,10
3,6,2017,71273,9607,24,24,192.71899671338775,7
0,8,2018,10169,4258,6,16,473.8375382127596,10
3,1,2018,41169,10554,19,15,127.4693252300734,10
6,12,2018,39372,14993,6,19,965.9351774902401,12
3,7,2017,38736,4834,12,9,328.7068211007474,7
4,4,2018,52505,6212,27,3,192.52891791803,10
3,7,2017,24281,15220,23,1,398.2038959102529,8
4,6,2017,35533,3523,1,12,156.07302074876674,5
3,11,2017,23688,9155,5,2,496.6540406401458,12
4,10,2017,79812,7723,10,20,338.32158052639056,9
2,6,2018,10377,18167,22,18,376.4171930037046,11
1,11,2017,18182,6562,6,16,923.4144200235024,10
1,10,2017,2098,2656,1,17,568.8923735228329,1
6,6,2018,13322,10868,27,16,855.1973667940084,13
1,10,2018,89591,19967,11,18,828.4151784397474,12
0,12,2017,51752,10041,21,10,121.11782790309977,8
0,6,2018,88134,10614,2,26,481.0774446035299,14
1,2,2018,19459,14532,5,21,756.1221609781794,17
3,2,2017,71320,14873,17,26,396.16352879749587,9
4,10,2017,83049,549,20,18,376.5760647202741,5
3,2,2017,87526,7168,25,6,575.4590395941577,12
5,11,2018,98776,11921,12,1,684.681287495439,17
6,10,2018,12242,6977,17,21,462.4957911592699,10
3,5,2018,41852,7867,20,3,111.31449495008019,16
6,5,2018,81817,8877,17,1,530.235276473944,14
6,6,2017,7120,4967,2,4,754.5247205766163,14
3,3,2017,81571,12995,5,11,161.79091655742812,5
6,3,2017,76652,5135,6,15,461.00317430622727,12
4,5,2018,38461,15932,19,26,812.6417914648562,18
0,2,2018,90823,4405,21,3,167.92259282175516,12
1,5,2018,96748,2847,1,5,429.11905222121766,4
4,10,2017,96133,3447,5,21,321.81377632330157,13
3,11,2017,85119,18811,12,27,192.53936629305977,12
5,10,2017,36959,17859,8,27,478.3083484289987,16
6,1,2018,95181,12090,26,2,611.7701404309369,16
3,3,2018,66339,10823,8,1,263.0496596274881,8
1,5,2018,78669,18426,16,15,46.50082198154102,16
4,3,2017,44735,5631,12,8,702.9065998766418,1
2,5,2017,70579,1927,7,12,33.57508243147821,3
4,12,2017,89220,16646,13,11,440.9583205592666,5
1,6,2017,55520,18632,21,7,823.6277013380908,10
3,8,2017,66817,687,27,12,788.2011416764614,10
2,2,2018,35776,8820,26,10,910.6687644956704,12
4,5,2017,87828,2187,18,18,482.8162968355169,9
6,10,2017,30772,14670,25,24,106.3128360430733,7
4,9,2017,82967,11376,7,16,500.27182399946986,12
5,5,2018,80909,16935,8,11,598.1810011714325,9
0,3,2018,20389,16869,12,2,475.3339513022441,8
2,12,2018,25461,3205,23,16,155.07669543733644,9
3,5,2017,75355,812,12,27,936.6492049570012,15
3,11,2018,13390,17511,6,17,58.882473692572226,8
4,6,2017,37344,11052,21,13,457.3302961052525,3
0,3,2018,62994,12329,8,17,889.4299495555161,6
0,8,2018,88506,8256,18,10,411.57206805619893,13
4,1,2018,48689,15874,10,6,95.72118381821578,3
5,9,2017,43474,16581,20,16,47.69246804764318,4
3,2,2018,26266,10654,6,19,629.974915696366,12
6,2,2018,83749,5389,21,1,188.92346439134872,15
2,3,2018,9581,14204,12,5,548.9805968469805,15
5,1,2018,58130,17684,24,25,149.77120032303046,9
5,12,2018,95612,15425,20,6,907.3252786407442,21
2,1,2017,36777,10570,10,26,278.8395826347909,14
2,2,2017,69625,16074,15,13,412.91285589601125,8
0,3,2018,39098,1893,23,10,648.350100038241,12
6,1,2018,46515,18003,22,1,555.6113201800911,11
1,1,2018,56774,16785,26,7,227.05520308291665,7
5,12,2018,2386,9614,5,6,922.203280868809,10
2,6,2017,26681,6574,27,24,198.491658990283,6
0,9,2017,84088,8196,22,2,514.5855845290672,10
0,10,2018,96651,7444,17,20,841.4505348673679,12
2,5,2018,58950,7779,5,11,282.27909920481943,8
2,2,2018,15848,11565,5,19,755.9539186910813,17
2,12,2017,60575,9363,6,5,337.078721745382,3
5,5,2017,48522,12733,11,9,433.79897407316736,13
2,1,2018,54604,10573,16,21,821.13506009561,13
1,7,2018,40089,15650,1,18,442.43530433987644,8
1,11,2017,96597,18119,22,26,717.8449931268826,7
2,9,2018,87045,14732,22,20,148.59819806679005,9
0,6,2017,47306,6029,13,25,102.715528975662,2
3,2,2017,6326,9292,21,22,874.0008611361734,10
0,5,2017,5756,14902,22,21,291.2837177004143,6
3,7,2018,25705,5641,5,27,827.6040128538897,15
0,9,2018,12446,17374,26,23,58.828218251169936,1
6,1,2017,28190,19359,14,13,334.4366807173529,10
5,10,2018,39506,13539,21,24,209.4461374107926,7
1,11,2017,97937,9874,12,1,22.118975560561864,11
6,6,2017,64371,17780,27,13,803.9945343572015,14
4,11,2017,53213,14191,8,23,237.27935455258967,6
2,10,2018,73455,11424,12,26,483.2694191053526,9
1,6,2017,25503,14365,5,9,574.082856575992,9
5,12,2018,7388,1690,12,4,624.6194787878384,6
4,10,2017,83957,13291,7,7,504.89952818594514,11
4,10,2018,87579,6257,10,10,805.9074678505413,16
6,12,2018,9531,13244,16,12,251.91278041252355,12
5,10,2017,6783,15236,5,17,307.625086110319,3
5,5,2017,11182,13480,21,6,946.6425806264408,11
3,6,2017,1410,14432,18,2,526.4423632928319,8
0,12,2018,77466,17651,7,13,236.89513828869505,4
5,8,2017,74958,10282,23,20,600.2472860024013,13
6,2,2017,71497,8507,15,17,627.5258560077094,9
4,4,2018,7644,10167,9,11,208.20401441837066,10
3,12,2017,44408,6360,4,4,611.9139451629175,5
4,7,2018,67272,19866,20,1,828.6862257952854,17
5,10,2018,92413,18425,22,5,100.811582316781,10
4,9,2018,96543,13977,21,22,112.72545439196769,6
3,1,2017,39408,18157,4,24,112.73075337383872,8
1,3,2018,405,18711,19,24,471.30018088603157,14
2,2,2018,34523,3311,17,13,443.2094404564851,13
0,1,2017,60416,5981,17,13,653.930397495098,10
5,10,2018,7534,10520,24,7,303.10699410736095,13
4,6,2017,90011,2365,5,2,250.89485504302883,6
0,7,2017,68553,4142,17,11,925.3642219950276,13
4,7,2017,316,10486,18,7,29.99065819773382,9
1,3,2018,42133,11756,18,18,361.72103943275783,12
6,3,2017,66805,3107,24,12,770.7836876694545,12
2,11,2017,81541,14685,10,10,834.7799212512194,9
0,2,2018,75409,13197,17,3,839.1592005171233,11
5,10,2017,58707,8293,11,3,496.27836394248396,10
5,10,2018,68743,13003,3,1,506.439905262843,15
2,10,2018,14501,6014,3,15,637.9530179111024,16
6,5,2018,93410,15588,24,10,155.30240901105128,11
6,6,2017,74846,3673,11,5,250.09956099794422,8
3,2,2017,3924,1007,12,6,91.12874785427717,6
3,5,2018,89249,11970,18,9,915.7576085876773,13
3,5,2017,76401,10031,19,6,860.9848328548146,11
5,12,2018,60555,9365,2,1,405.0442914896186,8
4,8,2017,12980,13135,3,27,712.9057984563195,18
4,7,2018,73309,4845,15,22,295.470455138776,10
0,2,2017,79006,13338,9,21,474.36151679501495,11
5,9,2018,41571,8967,25,9,959.7871942598987,11
4,6,2017,55740,4393,21,13,606.9384224929996,13
0,3,2018,95237,8570,7,26,850.7190308972965,15
6,7,2018,60971,12012,3,11,199.67635315381878,3
6,6,2018,34363,3287,24,24,713.6839374220002,10
0,12,2018,38643,15076,18,6,25.25121914104956,6
1,4,2018,78193,12140,14,21,207.16660412335955,12
0,4,2018,34739,13204,14,3,102.82545246179517,4
6,1,2018,1231,9004,2,17,142.4131637235741,15
1,1,2017,59853,7163,4,24,582.4086644301188,9
5,6,2017,77134,5432,11,20,349.62691133175576,2
4,2,2018,32465,1392,23,21,439.23119152333135,7
6,12,2017,18801,13897,13,5,866.5219341875232,9
3,4,2018,48136,19217,14,2,651.3011283743851,10
3,7,2018,12612,8655,27,23,298.63975775324286,5
2,8,2018,62182,662,17,26,102.93069369295365,4
5,3,2018,8951,2038,22,3,557.7377425853542,16
2,8,2018,77317,16511,6,13,984.0656384868148,11
4,10,2017,54188,7701,15,19,933.0704732755179,12
6,10,2018,56895,7980,21,22,277.63121217937095,14
5,1,2018,30708,1262,17,5,598.8184984759782,14
5,4,2017,51566,7912,10,10,454.7997293720015,8
6,1,2017,12014,15481,10,22,271.93477756669984,8
3,2,2018,94695,10981,19,7,247.48265458063165,14
2,10,2018,77258,6414,27,20,292.75252129611124,5
1,12,2017,1960,5345,14,23,530.1482184841938,7
1,5,2018,58288,2370,19,10,594.283824827245,15
2,1,2018,85398,15164,6,2,873.3318178948182,10
1,8,2017,73694,1196,25,9,763.6696299018909,13
1,9,2018,91782,4266,7,6,633.6177637114937,7
4,10,2018,94450,303,4,3,662.3849913558,9
0,7,2017,53582,3233,10,21,996.4121539496355,14
6,5,2017,41613,13301,9,18,384.428672711969,6
4,1,2018,99333,13413,9,25,960.6652846010064,14
1,4,2017,44257,18028,22,11,109.95359634224714,6
6,8,2017,69071,15496,1,23,183.19218938291533,16
6,3,2017,17901,3590,6,15,314.0921416008251,5
3,8,2018,43198,18982,11,25,959.3157853058595,11
2,3,2017,56313,13544,4,17,804.3170323708231,15
6,2,2018,33256,19486,27,3,616.8807890766745,10
2,12,2017,78151,6444,24,18,523.5474441656118,5
0,5,2018,69798,14753,16,11,758.0452053950431,12
2,6,2018,56880,13285,16,20,967.2589629712123,7
5,11,2018,23131,6228,1,14,686.2553574777147,9
2,5,2017,371,909,16,7,234.8974185927993,9
5,6,2017,26317,2102,1,6,476.52335962893653,11
5,6,2017,80302,10053,3,22,667.4793774999055,13
3,10,2017,34033,7796,26,14,545.856009394076,5
1,6,2018,85132,7855,27,23,592.5378113122379,5
3,3,2018,90777,3469,10,25,98.93888804183305,9
5,2,2018,98824,17531,14,15,672.7854165534475,13
2,11,2018,82891,19302,8,27,505.40859842669295,15
0,12,2017,75615,15697,1,18,387.4297666404538,12
0,10,2018,14364,10656,20,10,841.7112992472539,7
0,1,2017,47139,12813,13,20,492.8097474630079,5
3,3,2018,89855,15272,15,5,169.50216771739252,12
5,1,2017,61304,16164,20,22,419.9464388149209,9
6,10,2017,33761,15283,27,10,709.1034501080419,14
1,1,2017,85417,7750,24,11,558.1626565955162,6
2,6,2018,2376,11400,17,9,256.6485530225285,5
1,12,2018,15571,8110,8,26,951.1187557687956,6
1,5,2018,26179,13540,2,9,825.063365331923,14
2,8,2017,27366,6254,2,19,154.05764284963664,10
5,5,2018,57978,6534,14,17,505.4539158474512,9
5,1,2018,34352,5485,19,5,300.2357841025084,7
4,1,2018,61729,19727,24,8,185.80957327793723,8
4,1,2018,14593,16117,9,10,441.28112800173034,12
2,4,2018,81644,6451,4,16,216.93147124419986,5
0,6,2017,23624,12792,14,16,537.9565211028341,7
3,5,2017,34462,10332,8,14,724.3767359044239,12
6,10,2017,83264,14564,10,21,434.1658174168394,16
3,3,2017,89423,4818,4,7,288.35264174910196,10
2,11,2018,1389,984,9,4,732.0663066355671,13
2,8,2018,63863,8586,2,23,843.9708214533995,18
1,5,2018,57152,14723,5,13,788.4566812737332,12
0,12,2017,36850,10956,13,6,921.9473121509747,7
4,10,2018,11737,18439,4,12,925.9620934058,10
6,9,2017,14475,16414,17,23,75.00280959528922,7
6,1,2017,80378,19272,15,3,874.3679250060366,14
5,8,2017,73156,15367,23,6,823.0932055187989,15
0,7,2017,42595,11226,26,18,457.967011739375,7
0,10,2017,66620,10785,2,13,641.122666778859,14
3,2,2018,71517,17073,19,9,654.0418563416677,8
4,4,2017,63034,17512,7,23,991.7928914010699,15
5,6,2017,27970,4621,7,27,36.27403874076596,8
6,11,2017,22684,17158,15,4,808.4630304741438,11
0,2,2018,15490,12595,21,11,205.85299440316476,11
5,10,2017,60978,17032,7,3,822.9630942573174,4
3,7,2017,54579,19961,27,27,185.28182732374648,4
3,10,2018,89797,7948,14,26,975.1754581292479,15
0,7,2018,56778,11478,21,6,927.1167630773615,12
6,9,2017,87953,12457,15,22,262.1179821971655,11
4,6,2017,97595,3997,25,18,42.546276098705576,5
2,8,2017,7326,6830,13,25,935.0663385454675,10
0,4,2018,9177,16923,25,26,76.67175857956335,5
0,7,2018,41090,16677,8,7,381.96152833543886,6
1,11,2018,16616,19803,19,14,655.6552940812167,11
2,6,2017,75290,2982,9,9,541.0014221664221,4
2,6,2017,35131,770,26,27,975.4047538999666,6
4,1,2017,33552,17039,19,20,77.87651574169257,9
3,9,2017,74026,9887,8,10,592.8827289678496,8
0,2,2017,17414,16067,10,1,370.3662348283904,8
2,9,2017,15626,13428,11,16,638.7708984651385,7
3,8,2017,90872,2583,23,11,466.01249684452074,7
3,4,2017,87023,120,20,20,934.4085151210596,10
0,6,2017,11775,3333,6,10,331.8533253279421,1
4,5,2018,66553,4688,15,18,847.198387833037,16
0,9,2018,23203,19756,26,17,548.5518056579359,9
